Symbol,Shortname,Revenuegrowth,Ebitda,Marketcap,Weight,Volatility,Average Close Price,Return,Average Volume,VIKOR Score (Q),Group Utility (S),Individual Regret (R),Rank
NVDA,NVIDIA Corporation,1.0,0.4518175821979716,1.0,1.0,0.1482818728351163,0.0980210031925723,0.3907387951756199,1.0,1.0,0.6471116775088926,0.2,1
MSFT,Microsoft Corporation,0.3504273504273504,1.0,0.983980203876144,0.9839802038761444,0.3287955117193364,0.3370848949159112,0.3776609177110546,0.1062978726178163,0.9316709727633403,0.573185960301969,0.19679604077522883,2
GOOG,Alphabet Inc.,0.3449328449328449,0.9048492277211422,0.7122634667205335,0.7122634667205333,0.1639575141619785,0.1434864237879461,0.2211629083161464,0.0888534260860248,0.6814377751886088,0.4482424523512906,0.1424526933441067,3
AMZN,"Amazon.com, Inc.",0.3199023199023199,0.818390239713908,0.7163374192279366,0.7163374192279361,0.1633010008708386,0.1690152122630297,0.2771566310233845,0.1826673309045196,0.6782810054085499,0.44153294512048413,0.14326748384558732,4
T,AT&T Inc.,0.2496947496947497,0.3179068146080967,0.0474707503684534,0.0474707503684533,0.0,0.0095757984570821,0.3717428700638259,0.1725705757410133,0.5748801814125032,0.29003944937665066,0.15,5
META,"Meta Platforms, Inc.",0.3681318681318681,0.5829207917485197,0.4467075096546494,0.4467075096546491,0.4993323866756864,0.4560472132082749,0.4562687238128313,0.0706128345765843,0.4697949580046143,0.3670255445553848,0.08934150193092988,6
TSLA,"Tesla, Inc.",0.3003663003663003,0.103130263153628,0.4084826098264515,0.408482609826452,0.6250238612945415,0.3248331665503919,0.3485513627423445,0.4361726517300195,0.3704862273906135,0.2698070998968963,0.08169652196529031,7
RTX,RTX Corporation,0.5531135531135531,0.0982352543263046,0.0449795476817764,0.0449795476817766,0.0416333997934982,0.0836916698822615,0.3704874210511839,0.024481519335717,0.3673716841986414,0.1669694774440481,0.11062271062271063,8
TDG,Transdigm Group Incorporated,0.3626373626373626,0.0350802284505901,0.0196809241597175,0.0196809241597175,1.0,1.0,0.3697678358076559,0.0009938546513526,0.36650055222489986,0.20223186858092676,0.1,9
MTD,"Mettler-Toledo International, I",0.2606837606837607,0.0151106790591736,0.0057717975038608,0.0057717975038605,0.9789013588602912,0.9645808138956656,0.3746592186257233,0.0,0.33186885664997373,0.17132593558296244,0.09645808138956657,10
AXON,"Axon Enterprise, Inc.",0.4462759462759463,0.0081338410340824,0.0125149922685241,0.0125149922685244,0.6203888274426314,0.4912573872343005,0.3620481067781157,0.0056856069352673,0.3043177597593334,0.16174218752413647,0.08925518925518927,11
NFLX,"Netflix, Inc.",0.3443223443223443,0.0793672899056767,0.1159259169414439,0.1159259169414442,0.659695506157845,0.710333215404729,0.3701982444606373,0.0132500423514372,0.28956045445299305,0.20575307333656798,0.07103332154047291,12
ANSS,"ANSYS, Inc.",0.4432234432234432,0.0128825709771303,0.0068713052383531,0.0068713052383522,0.1830814876234477,0.2590312746222037,0.3757973225920794,0.0018433363176225,0.283061607356122,0.1374236263524002,0.08864468864468865,13
PGR,Progressive Corporation (The),0.4157509157509158,0.085522786203733,0.04058680747487,0.0405868074748696,0.1363561704375897,0.1813300398700817,0.3702971731291509,0.0108022538382741,0.2743039648517407,0.1453426187685895,0.08315018315018316,14
EQIX,"Equinix, Inc.",0.3681318681318681,0.0311882772237182,0.025060104499765,0.0250601044997645,0.3607140293356783,0.725095165845672,0.3812759154002356,0.0016142123168975,0.27394110758936097,0.17747666957186886,0.07362637362637363,15
NDAQ,"Nasdaq, Inc.",0.4426129426129426,0.0250720149844424,0.0114485043200651,0.0114485043200647,0.0271778395013715,0.0530269496075441,0.3706234745885462,0.0129638308432913,0.26886146774245695,0.1202000028505409,0.08852258852258853,16
WELL,Welltower Inc.,0.4285714285714285,0.0281171149446491,0.0214591597740351,0.0214591597740352,0.057173536811843,0.0901417512206013,0.3713487584721148,0.015730770624281,0.2647799700634107,0.12473775272743265,0.0857142857142857,17
V,Visa Inc.,0.3241758241758242,0.1884401034356961,0.1847797498054964,0.1847797498054964,0.1631560846278193,0.2427375693768732,0.373243507445114,0.0318641878653606,0.2622770238464116,0.19306424708731576,0.06483516483516484,18
O,Realty Income Corporation,0.4273504273504273,0.0394272415063101,0.011917450731515,0.0119174507315137,0.0278768560159129,0.0332926144589571,0.3872656860083368,0.0222410444581941,0.2592989703579208,0.11876400542278935,0.08547008547008546,19
APH,Amphenol Corporation,0.4126984126984127,0.0328858396689583,0.0237314142906106,0.0237314142906108,0.0430632346936833,0.0475346397079819,0.4496204800853531,0.0305696322265467,0.25492402848249357,0.12335495271192762,0.08253968253968254,20
CLX,Clorox Company (The),0.4181929181929182,0.0167730535568633,0.004065333916456,0.0040653339164554,0.0334513623907678,0.1216533841372413,0.3635765320354904,0.0054140842763412,0.2536311828551955,0.11798901152477781,0.08363858363858365,21
PODD,Insulet Corporation,0.4096459096459097,0.0097876692157195,0.0035622559437601,0.0035622559437589,0.3078246063189533,0.2024509959868108,0.3597999592903105,0.0021682986687753,0.2528036696988148,0.1228095216400322,0.08192918192918194,22
ISRG,"Intuitive Surgical, Inc.",0.3559218559218559,0.0250218286816418,0.0546257698157567,0.054625769815757,0.3161341727231045,0.4062672411054819,0.3698340850826404,0.0055023275636387,0.24567760242532521,0.15071892122165484,0.07118437118437118,23
UBER,"Uber Technologies, Inc.",0.3772893772893773,0.0318581069345806,0.0367295932743589,0.0367295932743577,0.0288590417673132,0.0395777558713049,0.3941192644002203,0.1241322004556665,0.23362637748594478,0.12112581883006274,0.07545787545787547,24
INCY,Incyte Corporation,0.398046398046398,0.0073866508006784,0.0019107511939916,0.001910751193991,0.0424742859235874,0.0460541149978549,0.357278899431009,0.0098935257142621,0.23147910903285437,0.10425453569778269,0.0796092796092796,25
CME,CME Group Inc.,0.3656898656898657,0.037421539667898,0.0239942411860646,0.0239942411860647,0.0962962089513181,0.1800795705616414,0.3788436204394333,0.0099720702030303,0.2290664811727941,0.12339821818803394,0.07313797313797314,26
LRCX,Lam Research Corporation,0.373015873015873,0.0425878222849671,0.0259428030027016,0.0259428030027014,0.0641865273240109,0.0482830824658446,0.3896445072366686,0.0554283667787724,0.22703078411967087,0.11585614102778055,0.0746031746031746,27
BSX,Boston Scientific Corporation,0.3705738705738706,0.0363530758322045,0.0377069849135469,0.0377069849135462,0.0436089697124466,0.0619581384823388,0.3805577085206611,0.0247978340539984,0.2268828885822166,0.1173434222846016,0.07411477411477412,28
ICE,Intercontinental Exchange Inc.,0.3583638583638583,0.0472268256668095,0.0240997770858346,0.0240997770858339,0.0676056544979728,0.1103869115743946,0.3753676712121508,0.013841075156881,0.21946731393457056,0.1164858573463094,0.07167277167277167,29
ORCL,Oracle Corporation,0.2948717948717949,0.1653833842096442,0.1420364860149593,0.1420364860149586,0.1133655398211484,0.1257218129956843,0.3697341113727982,0.0375938488195799,0.21898361165728142,0.159331391851796,0.05897435897435898,30
ANET,"Arista Networks, Inc.",0.3748473748473748,0.0274092670565678,0.0410535564660337,0.0410535564660336,0.1578744888325114,0.0799540507277617,0.0,0.0341781233370548,0.21616286342994456,0.10110124330241133,0.07496947496947497,31
CRM,"Salesforce, Inc.",0.304029304029304,0.0747712352590548,0.0977877977073573,0.0977877977073568,0.3324659328437853,0.2635793608266684,0.4051938130145868,0.0285126811532278,0.21603439109301398,0.14940114624310114,0.060805860805860805,32
PWR,"Quanta Services, Inc.",0.3473748473748473,0.020395052078167,0.0126085157699686,0.0126085157699679,0.2487499034722571,0.2511638210094611,0.3605887043488047,0.0037435469668429,0.215961296734337,0.11964977674471505,0.06947496947496946,33
EQT,EQT Corporation,0.3717948717948718,0.0257203517077624,0.0056744384712542,0.0056744384712537,0.0217009577547813,0.0255843893807178,0.3698266436087338,0.0329307352658506,0.21570055135621724,0.10261566722952967,0.07435897435897436,34
FDX,FedEx Corporation,0.3376068376068376,0.0859722862588838,0.0180561209905134,0.018056120990512,0.5223927777892436,0.2096319049942427,0.3691010500788859,0.0075939271488556,0.21539634531287072,0.12563198614687934,0.06752136752136752,35
FCX,"Freeport-McMoRan, Inc.",0.3540903540903541,0.0788079769393854,0.0148449135139578,0.0148449135139574,0.023626668161414,0.0223292535527134,0.3746325566427568,0.0555739134161141,0.21256569392063548,0.11083599090625662,0.07081807081807083,36
VRTX,Vertex Pharmaceuticals Incorpor,0.3235653235653236,0.0391431572033278,0.0289615060101308,0.0289615060101305,0.2917026522284134,0.3052257077918606,0.3951174823454296,0.0056655563729103,0.21104517620087065,0.12983471286312837,0.06471306471306472,37
ALL,Allstate Corporation (The),0.3424908424908425,0.051845440223079,0.0134524271918399,0.0134524271918393,0.156460210478512,0.1445719801654674,0.3785697927403552,0.0062559899358499,0.20873088967091238,0.1140091999354103,0.0684981684981685,38
TT,Trane Technologies plc,0.3223443223443223,0.0336488211757806,0.0236605841930051,0.0236605841930051,0.1742418559571697,0.2897938568462236,0.3699437210804238,0.005140903487608,0.20595619075403288,0.12434797990224428,0.06446886446886446,39
CCL,Carnival Corporation,0.3455433455433455,0.0495543171705648,0.0085308888672626,0.0085308888672629,0.0332420486247211,0.0128550447378859,0.3698955676434404,0.1256856888330866,0.20329374209433815,0.10516565109328328,0.0691086691086691,40
MSI,"Motorola Solutions, Inc.",0.3089133089133089,0.0297269979919529,0.0217400861459801,0.0217400861459794,0.2686300816050295,0.3629176724742058,0.3852296363654904,0.0049537696545162,0.2019525297926868,0.12856467492950846,0.061782661782661785,41
CMCSA,Comcast Corporation,0.2924297924297924,0.2779975970921855,0.0423102568971145,0.0423102568971132,0.0166728655116803,0.021763817005093,0.3820092231702595,0.1017485355109606,0.2014686859456329,0.13924294565315617,0.05848595848595848,42
AJG,Arthur J. Gallagher & Co.,0.3253968253968253,0.0314013376579652,0.0193652347481601,0.0193652347481599,0.2020697223312652,0.2153397859378747,0.3750363207386445,0.0076810390771636,0.20113445664892735,0.11626898281131752,0.06507936507936506,43
ABBV,AbbVie Inc.,0.2759462759462759,0.1932187227918861,0.0921378643296004,0.0921378643296004,0.1316908638486383,0.1305643621831785,0.3622563911663357,0.0310275106901931,0.19664853381052183,0.14453405433196562,0.05518925518925519,44
PM,Philip Morris International Inc,0.304029304029304,0.1180916690107066,0.0565547962425335,0.056554796242533,0.0501429266383078,0.0897455240749842,0.3841884002446584,0.0233160581846016,0.1962609366537552,0.1248358256583331,0.060805860805860805,45
PKG,Packaging Corporation of Americ,0.3302808302808303,0.0186204990069724,0.0041015359801687,0.0041015359801676,0.0557540567035596,0.171791107433626,0.3718128352606018,0.0023515711992714,0.19553218676979392,0.1059670330366574,0.06605616605616606,46
HCA,"HCA Healthcare, Inc.",0.300976800976801,0.1067887893265917,0.0212446736362927,0.0212446736362917,0.1633833758966638,0.2316717309659654,0.3708098869915938,0.0061556412385263,0.19439182641356734,0.12460253028514783,0.060195360195360204,47
FTNT,"Fortinet, Inc.",0.3321123321123321,0.0193689336918962,0.0205112031146265,0.020511203114626,0.0929614250313909,0.0684176952141359,0.375164780280601,0.0211126724517502,0.19345790470315222,0.10213680973002714,0.06642246642246642,48
MRK,"Merck & Company, Inc.",0.2796092796092796,0.173565965476056,0.0732294733833694,0.0732294733833685,0.0324247058987799,0.0691920777146505,0.3565759954016447,0.0556743282315347,0.1881402148779569,0.1314573171740093,0.055921855921855924,49
KIM,Kimco Realty Corporation (HC),0.336996336996337,0.0154990573254426,0.0026777868128126,0.0026777868128127,0.0080701935739957,0.0101080244073015,0.3716792136685508,0.0190506344840377,0.18724380374606142,0.09107475874897862,0.06739926739926741,50
IRM,Iron Mountain Incorporated (Del,0.3272283272283273,0.0213624301648626,0.0072514328177255,0.0072514328177257,0.0899268466169871,0.0747224642084071,0.3646405149771488,0.0080011335341153,0.18657648140193855,0.09692978882891869,0.06544566544566546,51
PHM,"PulteGroup, Inc.",0.3247863247863248,0.0343581456244718,0.0047674096978952,0.0047674096978943,0.0488681934483017,0.078997852538612,0.3645052217984024,0.0088467703955746,0.18618028377580506,0.09810859488081239,0.06495726495726496,52
UHS,"Universal Health Services, Inc.",0.3211233211233211,0.0222503095207593,0.0014912395843001,0.0014912395842989,0.1067262075609681,0.1339735230155541,0.3749954502362838,0.0026955022646558,0.18591977614667704,0.10029148259521695,0.06422466422466422,53
FSLR,"First Solar, Inc.",0.3186813186813187,0.0192894061002027,0.0038137292936867,0.003813729293686,0.1973983748547531,0.1357243549022237,0.3871381284258751,0.0108960153222004,0.1853445995365181,0.10124793619301471,0.06373626373626375,54
DELL,Dell Technologies Inc.,0.3083028083028083,0.0702689878300003,0.0225163404157327,0.0225163404157315,0.1359053140993833,0.083349986984533,0.3653355389396613,0.0394838294053376,0.18468617857148661,0.10753177918585562,0.061660561660561664,55
EFX,"Equifax, Inc.",0.3095238095238095,0.019149276215731,0.0076130154639464,0.0076130154639462,0.1677225324851926,0.1960557578115121,0.3689180459843461,0.0052777398707518,0.1836237890227851,0.10537642313964496,0.0619047619047619,56
EIX,Edison International,0.3174603174603175,0.0536710686988285,0.007234275892688,0.0072342758926867,0.0366862662112812,0.0544495684504723,0.3684333562322177,0.0095314728813776,0.18210293857958948,0.09805620527429339,0.0634920634920635,57
MCD,McDonald's Corporation,0.2692307692307693,0.1075052172793524,0.0615973905253348,0.0615973905253347,0.1456479712371939,0.2229293559302719,0.375202865193369,0.0150250771215979,0.18145632282173962,0.13025548640742077,0.053846153846153856,58
PH,Parker-Hannifin Corporation,0.2600732600732601,0.0428930141428987,0.0231893532608046,0.0231893532608042,0.4173009003866363,0.5031346846411108,0.3711206158324471,0.0023262998404221,0.17974134891767846,0.134391224398028,0.052014652014652024,59
HIG,Hartford Financial Services Gro,0.3107448107448107,0.0377422977890068,0.007522322105447,0.0075223221054471,0.0735513161871212,0.0780595593875801,0.3875814077364483,0.0077382002332386,0.1780681572397525,0.09763893999012886,0.06214896214896214,60
CSGP,"CoStar Group, Inc.",0.3192918192918193,0.0080398685646183,0.0067790198077946,0.0067790198077949,0.0413463155851542,0.0480434980610945,0.3823131066257015,0.0118583920492589,0.17792374942505665,0.0916109751880418,0.06385836385836387,61
FOXA,Fox Corporation,0.3205128205128205,0.0288105472813527,0.0045488043303354,0.0045488043303353,0.0249781865939985,0.0307003341719291,0.3360905787809301,0.0182655393045543,0.17776369721634735,0.09057662741585872,0.0641025641025641,62
FOX,Fox Corporation,0.3205128205128205,0.0288105472813527,0.0045473659283814,0.0045473659283808,0.0216531143443431,0.0284464196688479,0.3504987992080888,0.0051326104082984,0.17763325102727126,0.09041456911372649,0.0641025641025641,63
DIS,Walt Disney Company (The),0.2753357753357753,0.1286381102321147,0.0595132207514663,0.0595132207514661,0.0499033022338705,0.0801580719477647,0.3713849910369607,0.0441635968506864,0.1773770252269013,0.12101007471715229,0.055067155067155066,64
HPE,Hewlett Packard Enterprise Comp,0.3144078144078144,0.0425063824262541,0.0065167771075979,0.0065167771075982,0.0183367879779749,0.0086734153451166,0.3722595762922408,0.0674639978705417,0.1772098248626243,0.09406607443845885,0.06288156288156288,65
BDX,"Becton, Dickinson and Company",0.2948717948717949,0.0439610646161012,0.017940430420893,0.0179404304208918,0.1248555593655692,0.1715099358856321,0.3765724892537692,0.0092304200401878,0.17717567321619015,0.10739178696644182,0.05897435897435898,66
ABT,Abbott Laboratories,0.2826617826617826,0.0855358797399365,0.0580695728608844,0.0580695728608833,0.0516856237123047,0.0818694147418581,0.3783478374243881,0.0244479634887529,0.17666330669646685,0.11511034216167117,0.056532356532356526,67
ESS,"Essex Property Trust, Inc.",0.2991452991452991,0.0148707072371636,0.0036229786546245,0.0036229786546239,0.1397616212167589,0.2158054885746109,0.3785115574532751,0.0010495782334176,0.17656203926274838,0.10370516526014299,0.05982905982905982,68
FDS,FactSet Research Systems Inc.,0.2826617826617826,0.01284659680295,0.0034619603812127,0.0034619603812125,0.2850706627408084,0.3744204578208234,0.3558251692884342,0.000657833448415,0.17638462897114265,0.11476413013870615,0.056532356532356526,69
BEN,"Franklin Resources, Inc.",0.3217338217338217,0.0190816337266523,0.0011435143108834,0.0011435143108829,0.0166158385971896,0.0078209456042419,0.3745386640309372,0.0188504222197538,0.1763651207521247,0.088003613474739,0.06434676434676434,70
BRO,"Brown & Brown, Inc.",0.3131868131868132,0.0179171608664288,0.0068234074487173,0.0068234074487172,0.0371469154508783,0.0729640174047857,0.3712761463405826,0.0054106724974827,0.17608381829834752,0.09350270208812601,0.06263736263736264,71
VRSK,"Verisk Analytics, Inc.",0.2954822954822955,0.0167148662692694,0.0097585574692848,0.0097585574692835,0.1318412031122643,0.2104597188760478,0.3708954712508091,0.0026781775584415,0.17498776532604493,0.10425591071947536,0.0590964590964591,72
UPS,"United Parcel Service, Inc.",0.2869352869352869,0.0941403216343937,0.0304631030839339,0.0304631030839328,0.1019706836103188,0.0910182633912194,0.369715397202028,0.0202998072999165,0.17429966864604984,0.10924962326871678,0.057387057387057384,73
LEN,Lennar Corporation,0.300976800976801,0.0470557755232087,0.0092150655032789,0.0092150655032781,0.060051627114054,0.1008522056602208,0.3762209674628961,0.0115893637783777,0.174181110940227,0.09949398355269594,0.060195360195360204,74
HLT,Hilton Worldwide Holdings Inc.,0.2912087912087912,0.0246719769167362,0.0163530431225869,0.016353043122587,0.1670118086318593,0.1888261745095153,0.3697570800675094,0.0060901765132468,0.17284926306427958,0.10452344808584808,0.058241758241758236,75
WTW,Willis Towers Watson Public Lim,0.2875457875457875,0.0255738798744413,0.0075991397378301,0.0075991397378302,0.2212896300130973,0.2425155630352376,0.3781041904193999,0.0031187408968715,0.17277497567878314,0.10693768434879453,0.057509157509157506,76
LH,Labcorp Holdings Inc.,0.2979242979242979,0.0189732601362578,0.0036905368855015,0.0036905368855018,0.0646687803977699,0.1723652257349779,0.3693096058654235,0.0019503309830966,0.17237385272277272,0.09933752931882373,0.05958485958485959,77
TJX,"TJX Companies, Inc. (The)",0.2869352869352869,0.0586242610897594,0.03954497393499,0.0395449739349891,0.048597330923811,0.0880535497815798,0.3710659946593936,0.0251748841718312,0.17221647180359662,0.10666158795939637,0.057387057387057384,78
GDDY,GoDaddy Inc.,0.2973137973137973,0.0141880828400068,0.0066423710000143,0.0066423710000132,0.1366430580004465,0.1540138652922259,0.370086046905958,0.0050552618885276,0.17075340169651396,0.09774213526748661,0.05946275946275947,79
OMC,Omnicom Group Inc.,0.3046398046398046,0.0244072256891806,0.0031839201453685,0.0031839201453675,0.0579185426760364,0.0618158451273818,0.3719418498171458,0.0121623312147442,0.16930607619796936,0.09093101464826557,0.06092796092796093,80
EMN,Eastman Chemical Company,0.3058608058608059,0.0190496307184756,0.0011130649217676,0.0011130649217668,0.066911089232624,0.0641530745091524,0.369767979674801,0.0041163727985316,0.16880504093588033,0.08947305055522269,0.06117216117216118,81
PEG,Public Service Enterprise Group,0.2991452991452991,0.0362221535041217,0.0107559784823951,0.0107559784823945,0.0635171621775375,0.058802554813431,0.3824040686254434,0.0109527898887856,0.16878002859936123,0.09403727504260775,0.05982905982905982,82
HST,"Host Hotels & Resorts, Inc.",0.3089133089133089,0.0178204247335532,0.0017993248142472,0.0017993248142459,0.017022646063348,0.0059853212121139,0.3697676954703585,0.0370742524773686,0.16763939609598627,0.08593615333674565,0.061782661782661785,83
NTAP,"NetApp, Inc.",0.2991452991452991,0.0183077428016536,0.005197544764579,0.0051975447645781,0.098670572484224,0.0852045396627589,0.374063526575928,0.0074756944793215,0.16692435441085432,0.09173189984974084,0.05982905982905982,84
PNW,Pinnacle West Capital Corporati,0.3015873015873016,0.0211892647969832,0.0008165049496919,0.0008165049496916,0.0283633654046271,0.0587812517607826,0.3672844586961734,0.0048539666538347,0.16544727385936425,0.08822584849434524,0.060317460317460325,85
DPZ,Domino's Pizza Inc,0.2716727716727716,0.0135008984214959,0.0023527001943715,0.0023527001943703,0.1671792953668744,0.3286636717579377,0.3695543355003153,0.0019561960856923,0.16529560782989677,0.10850739300090821,0.05433455433455432,86
SO,Southern Company (The),0.2783882783882784,0.1017992284844197,0.0254617844668935,0.0254617844668928,0.0317997462147943,0.057088948994253,0.373824940986574,0.018449825021329,0.16529288251196556,0.10390870896190894,0.05567765567765568,87
FFIV,"F5, Inc.",0.2869352869352869,0.0124897267201639,0.00237358875216,0.0023735887521598,0.1223089742931417,0.1910396442395669,0.3697699468008517,0.0020056451055545,0.16497508634559588,0.09766533716264718,0.057387057387057384,88
IR,Ingersoll Rand Inc.,0.2954822954822955,0.0206286884683037,0.0091796305457986,0.0091796305457978,0.0665467562733395,0.0645634914750461,0.3682331899211978,0.0130507851458508,0.16388715721699693,0.09046519965670662,0.0590964590964591,89
EA,Electronic Arts Inc.,0.2881562881562881,0.0205479533740181,0.0096577847206221,0.0096577847206211,0.0563039388311068,0.1084643090664967,0.3697633700880588,0.0087077267268971,0.16219882467467314,0.09338077206735554,0.05763125763125762,90
PEP,"Pepsico, Inc.",0.2490842490842491,0.129816409322867,0.0615627593807111,0.0615627593807112,0.0573630096067998,0.1122657975035627,0.3869244148971354,0.0333352444243679,0.16210275510045902,0.1199977020074172,0.04981684981684982,91
CVX,Chevron Corporation,0.2136752136752136,0.29004963856957,0.0752523343846776,0.0752523343846768,0.0394773450540275,0.1045265486515951,0.3751084414173202,0.0710213656710938,0.16209678588837076,0.14157733443542642,0.0435074457854355,92
GLW,Corning Incorporated,0.2948717948717949,0.025762989490118,0.0101873679867644,0.0101873679867635,0.0113436651802492,0.0289996259205366,0.3697830150102072,0.0204506087571731,0.16181341364545299,0.08830666289665251,0.05897435897435898,93
ED,"Consolidated Edison, Inc.",0.2875457875457875,0.0472122760519212,0.0073574421707338,0.0073574421707333,0.0320982017914308,0.0627641565210246,0.371216912449091,0.010126314706642,0.16086527699638076,0.09214180904537077,0.057509157509157506,94
IQV,"IQVIA Holdings, Inc.",0.278998778998779,0.0273631398989498,0.0087587573692055,0.0087587573692049,0.1872164413634196,0.1475650271458606,0.3714054590157682,0.006233851570856,0.15940025889061438,0.09617032231939832,0.0557997557997558,95
DLR,"Digital Realty Trust, Inc.",0.2625152625152625,0.0238035097709773,0.0162231813074176,0.0162231813074174,0.118154756030184,0.1335485778768289,0.6403405071323502,0.0089872418387906,0.15884653527243747,0.10676177872411645,0.05250305250305251,96
GPN,Global Payments Inc.,0.2838827838827839,0.0384852330770054,0.0065431430403014,0.0065431430403003,0.070703163322923,0.0801224358855454,0.3768746198335848,0.0087634207202763,0.15857773196690977,0.09180643047860007,0.056776556776556776,97
SHW,Sherwin-Williams Company (The),0.257020757020757,0.0388027587779137,0.0243133673330866,0.0243133673330855,0.2162293591014152,0.2647129240143564,0.3698986120907461,0.0077454179252161,0.158323731777128,0.10987206939236886,0.0514041514041514,98
PPG,"PPG Industries, Inc.",0.2435897435897435,0.0276758970352652,0.0063540821502475,0.0063540821502473,0.0628966752978753,0.0867069049928508,1.0,0.0117374375179872,0.15780605933205913,0.11403312053198353,0.05,99
WMB,"Williams Companies, Inc. (The)",0.2802197802197802,0.0494524884862789,0.0176900626247174,0.0176900626247166,0.0229520564204053,0.0339129624306618,0.3729971622012148,0.0353874372591391,0.15718231352283646,0.09257937497393312,0.056043956043956046,100
FRT,Federal Realty Investment Trust,0.2881562881562881,0.0121764463637584,0.0007920723362239,0.0007920723362239,0.0680540374941722,0.0800286310862249,0.3810605203578437,0.0023899292354105,0.15695867409983005,0.08687073209538683,0.05763125763125762,101
STZ,"Constellation Brands, Inc.",0.2704517704517705,0.035075137761173,0.0104387187738948,0.0104387187738942,0.0438313857487218,0.1715888957500755,0.3697552319869583,0.0075797706926241,0.15657493892529117,0.09850888043790564,0.0540903540903541,102
ALLE,Allegion plc,0.2857142857142857,0.0132629049672641,0.0013725362718327,0.0013725362718315,0.0485942432557207,0.0961031586527702,0.3726858820093174,0.0032773488181054,0.15648439254176555,0.08795253148482314,0.05714285714285714,103
TTWO,"Take-Two Interactive Software, ",0.2777777777777778,0.0080056835331569,0.0075905149254214,0.007590514925421,0.1051186616760379,0.1356983347483011,0.4081753450950001,0.0061734482200468,0.15643408202239975,0.0933208358464338,0.05555555555555556,104
CAT,"Caterpillar, Inc.",0.2271062271062271,0.1218592930894206,0.0515678616450334,0.0515678616450325,0.3201713665984506,0.2809224590237382,0.3815264857900618,0.0094256475009378,0.15548096035669157,0.12681035049194217,0.045421245421245426,105
INVH,Invitation Homes Inc.,0.2881562881562881,0.0170394852332846,0.00386319986885,0.0038631998688495,0.0121127635048551,0.0169913415558468,0.3748890543415624,0.0154527056628354,0.15349072323493523,0.082562363771073,0.05763125763125762,106
EXPE,"Expedia Group, Inc.",0.2728937728937728,0.0193114735126481,0.0050852455137526,0.005085245513752,0.1706505453353139,0.1376652806048036,0.3721196566750984,0.0061985986941266,0.1524260106200692,0.09168349017661803,0.054578754578754565,107
VLTO,Veralto Corp,0.2814407814407814,0.0160020710652478,0.0057140548731693,0.0057140548731693,0.0685787284936975,0.0739166960285997,0.348275274122072,0.0071793016254003,0.1522104117676709,0.08556708201885456,0.05628815628815628,108
MO,"Altria Group, Inc.",0.2606837606837607,0.0956531985598074,0.02560168274414,0.0256016827441391,0.0168647214824955,0.0341646032942082,0.3697560257283013,0.0385917144863581,0.15078435399317644,0.0979990849735496,0.052136752136752146,109
BKR,Baker Hughes Company,0.2771672771672772,0.0383459895012984,0.0100021948881512,0.0100021948881506,0.0188610804841864,0.0234824825022172,0.3697543421475762,0.030497450988526,0.1506452087583341,0.0865468510274108,0.05543345543345544,110
UAL,"United Airlines Holdings, Inc.",0.268009768009768,0.0612281394165958,0.007612896011881,0.0076128960118798,0.0777037373265574,0.0687103916528389,0.3824610750490725,0.027853511120809,0.15035836671512956,0.09245681198482603,0.053601953601953606,111
DG,Dollar General Corporation,0.2783882783882784,0.0288067581251846,0.002986238175783,0.0029862381757831,0.0585586315290987,0.0519593193680333,0.3663848049562285,0.0179171190367295,0.1503185883881038,0.08530556924177304,0.05567765567765568,112
PAYX,"Paychex, Inc.",0.268009768009768,0.023957727496023,0.0131449749956248,0.0131449749956241,0.0643348737097026,0.1018921589475725,0.3728284927672148,0.0086272758340637,0.1487036627316087,0.09040110978302064,0.053601953601953606,113
FAST,Fastenal Company,0.2741147741147741,0.0191165460992086,0.01090310485389,0.0109031048538903,0.0322750827669731,0.0507365665882213,0.3720918510329994,0.0120881943495119,0.14791519933135822,0.08524402758670564,0.05482295482295482,114
IFF,International Flavors & Fragran,0.2753357753357753,0.0204461256207288,0.0045415513502402,0.0045415513502404,0.0382718162180553,0.059386213821038,0.3691047808719528,0.0084997932048387,0.14784023664713533,0.08431538979321315,0.055067155067155066,115
EQR,Equity Residential,0.2735042735042735,0.0198655766219573,0.0063588714314942,0.0063588714314933,0.0412659402312546,0.0479302211183167,0.3825269564250289,0.0071487351258262,0.14646903749343473,0.08386515967646678,0.0547008547008547,116
BAX,Baxter International Inc.,0.2759462759462759,0.026759446324665,0.0024576565649806,0.0024576565649799,0.0117990075694478,0.014879918631032,0.3773776289189718,0.0256064982307643,0.14597281717784272,0.08157766859933242,0.05518925518925519,117
WST,"West Pharmaceutical Services, I",0.2521367521367521,0.0122177160466081,0.0051729954987033,0.0051729954987021,0.1978915538531497,0.2536444444364335,0.3694950215235708,0.0020641239464605,0.14587962077156538,0.0977543082768965,0.050427350427350415,118
DOV,Dover Corporation,0.2606837606837607,0.0196455998139578,0.0057700940676367,0.0057700940676357,0.0640632745304217,0.141253697558297,0.3735360044150141,0.0031691763608747,0.14416471154638727,0.08977524935790437,0.052136752136752146,119
IEX,IDEX Corporation,0.2564102564102564,0.0130759785386179,0.0027674439868594,0.0027674439868596,0.1360580478975009,0.1594323105033241,0.3739451910133704,0.002014932833863,0.1410378568593053,0.08881491861184296,0.05128205128205128,120
DXCM,"DexCom, Inc.",0.2649572649572649,0.0129137812417008,0.0073791967559964,0.007379196755996,0.1258500558769066,0.0548297775382898,0.3810475578516212,0.0180248505973697,0.1407259614102777,0.08257887749997496,0.052991452991452984,121
RVTY,"Revvity, Inc.",0.2649572649572649,0.0125334253731469,0.0020434285316709,0.0020434285316696,0.0744453044072553,0.0805841019022419,0.3759662368519286,0.0035404194361663,0.14067715108628923,0.0825182385630453,0.052991452991452984,122
XYL,Xylem Inc.,0.2606837606837607,0.0190859973077235,0.0065271943231336,0.0065271943231339,0.0396479509103516,0.084205230296076,0.3716871737071601,0.0062965140075096,0.13973940214978203,0.08427751782352164,0.052136752136752146,123
DTE,DTE Energy Company,0.2564102564102564,0.0318799276329266,0.005442940990679,0.0054429409906785,0.0805177205537922,0.0865487056562146,0.3797249248337243,0.0065880322699346,0.13850434631989259,0.08566744133129273,0.05128205128205128,124
TSN,"Tyson Foods, Inc.",0.2625152625152625,0.0296688107043591,0.0041596917159196,0.0041596917159188,0.0127765098106666,0.0374672953669363,0.37113323969229,0.0094827251642481,0.1380929552731051,0.08097881057703227,0.05250305250305251,125
IP,International Paper Company,0.2625152625152625,0.0210207255512167,0.0036284398537389,0.0036284398537384,0.0158475998280386,0.0346396460851067,0.3727590687645351,0.0173201929145093,0.1370737573586838,0.0797126219308351,0.05250305250305251,126
PPL,PPL Corporation,0.2594627594627595,0.0306289009496581,0.0051522120836182,0.0051522120836173,0.0074048540912258,0.017231557602018,0.3717995341976804,0.0203447215667243,0.13511094855056333,0.07936292123420628,0.0518925518925519,127
CSCO,"Cisco Systems, Inc.",0.2185592185592185,0.1068251577778327,0.0686848648068307,0.0686848648068301,0.0278257123766532,0.0378216191146979,0.3701014625040302,0.0889165153655825,0.13488691369545083,0.10707413816458795,0.0437118437118437,128
SOLV,Solventum Corporation,0.2551892551892551,0.0201842828265563,0.0013892555170368,0.0013892555170372,0.0210555956292369,0.0444216661518438,0.376409626954895,0.003727474236344,0.1316047302324294,0.07793129250409159,0.05103785103785102,129
UDR,"UDR, Inc.",0.2564102564102564,0.0139967774688454,0.0028415879460602,0.0028415879460599,0.0247161952730788,0.0259336764568528,0.3780878711959041,0.0083059735632922,0.13084110657268705,0.07614710477673076,0.05128205128205128,130
HSIC,"Henry Schein, Inc.",0.2551892551892551,0.0135072915751584,0.0005264765792229,0.0005264765792221,0.0353309180523135,0.046798391802652,0.369755804580359,0.0070260106713403,0.13064647727551545,0.07674081811529905,0.05103785103785102,131
KMX,CarMax Inc,0.2515262515262515,0.0135434258807542,0.0018219861775582,0.0018219861775582,0.0447691222954904,0.0582154247801409,0.3757125496932971,0.009259506480394,0.12960502283401854,0.0779535056623819,0.05030525030525031,132
LKQ,LKQ Corporation,0.2551892551892551,0.0193987544440389,0.0007944420910002,0.0007944420909997,0.0243506070482729,0.0207548431454829,0.369707348084917,0.0104141711381382,0.129460600334293,0.07526755772345899,0.05103785103785102,133
K,Kellanova,0.2484737484737484,0.0215807777288095,0.0063113911019411,0.0063113911019403,0.009560201998908,0.0552468264729577,0.3720136623682605,0.0094489769021895,0.12910662580376756,0.07942309986447613,0.049694749694749685,134
SBUX,Starbucks Corporation,0.2332112332112332,0.0555330619018327,0.0281813471509908,0.0281813471509909,0.0402110904724938,0.061175030277595,0.3648450255827751,0.0412801066573409,0.12909327236574,0.08985037008561551,0.04664224664224664,135
GIS,"General Mills, Inc.",0.2454212454212454,0.037455724001112,0.0085337457624931,0.0085337457624927,0.0184021006196829,0.0418900514484824,0.3697518737366759,0.0207436049052526,0.12867569609372512,0.08097651130523277,0.04908424908424908,136
HII,"Huntington Ingalls Industries, ",0.238095238095238,0.0145910298065944,0.0001458212643585,0.0001458212643576,0.1661929900474653,0.1421345479582987,0.3760369507610023,0.0025455070971274,0.12626448682943658,0.0829940262483371,0.0476190476190476,137
JBHT,"J.B. Hunt Transport Services, I",0.2344322344322344,0.0182754269786189,0.0030961900690953,0.0030961900690949,0.1250220966530161,0.1261982448301005,0.3697511084786192,0.0032252773064456,0.12330612145431327,0.08182526184621036,0.046886446886446886,138
DHI,"D.R. Horton, Inc.",0.2234432234432234,0.0519174472242255,0.0114886762985134,0.0114886762985126,0.0674217327085282,0.1019169739199389,0.3681215492883536,0.0128799065393673,0.1199413329494198,0.08516463506769258,0.04468864468864468,139
BBY,"Best Buy Co., Inc.",0.2338217338217338,0.0262503066272219,0.0034382360811636,0.0034382360811627,0.047772596600558,0.0592468401212064,0.3636245889534328,0.0130583948593517,0.11867709331837009,0.07649219709952645,0.046764346764346765,140
HRL,Hormel Foods Corporation,0.2393162393162393,0.016648176189714,0.0031655867419162,0.0031655867419159,0.0028118795765345,0.0166379668253999,0.3725218726846656,0.0112186551659763,0.11821713095427076,0.07216097872386197,0.04786324786324786,141
CE,Celanese Corporation,0.2356532356532356,0.0202642908124962,0.0001483636646982,0.0001483636646981,0.0348021356080227,0.0454738087346544,0.3316149363294878,0.0131498362247374,0.11607030413436387,0.07200041978411574,0.04713064713064712,142
WEC,"WEC Energy Group, Inc.",0.2234432234432234,0.0321795930950317,0.0069636914565917,0.0069636914565905,0.0344726084933018,0.0663360272663232,0.3606536558614114,0.0076989574814361,0.11309238538996022,0.07665592491877961,0.04468864468864468,143
EL,"Estee Lauder Companies, Inc. (T",0.2252747252747252,0.0245337835051956,0.005991026884033,0.0059910268840333,0.0284477975980589,0.0504256311849439,0.3743385262879586,0.0206312730780333,0.1130285642141597,0.07532337426000989,0.04505494505494504,144
AOS,A.O. Smith Corporation,0.2301587301587301,0.0126861237117389,0.0009088868129073,0.0009088868129061,0.0223503452160801,0.0459273687431733,0.3700212209516403,0.0041738846869658,0.11264902534158718,0.07150982345975714,0.04603174603174602,145
AES,The AES Corporation,0.2271062271062271,0.0310507597157103,0.0006899489082176,0.0006899489082167,0.0124844043657244,0.0018586298399453,0.3949772960744322,0.0645176898697847,0.11252656444442541,0.07344645753377159,0.045421245421245426,146
VTRS,Viatris Inc.,0.2234432234432234,0.0401621590515767,0.0024216283911235,0.0024216283911227,0.0041946436483808,0.001491622185479,0.36975788390977,0.0483139301276884,0.10974087379195688,0.07249221356012808,0.04468864468864468,147
SWK,"Stanley Black & Decker, Inc.",0.2216117216117216,0.018901980243457,0.0017222306378898,0.0017222306378887,0.0616774981453865,0.0564226135985956,0.3725148233285568,0.0074233252924478,0.10858821103207818,0.07231347958434002,0.044322344322344324,148
DE,Deere & Company,0.1501831501831501,0.1112764834167715,0.0335622695003252,0.0335622695003255,0.2282581727689738,0.333590157852666,0.368989275167946,0.0052525752375311,0.10781900623696228,0.10886789177049884,0.0333590157852666,149
BLDR,"Builders FirstSource, Inc.",0.2118437118437118,0.0238873869787931,0.0031435808095994,0.0031435808095985,0.1087646234649357,0.1105552624568873,0.3652432269660747,0.0058841310767333,0.10658333782503845,0.07650681894418268,0.042368742368742364,150
BWA,BorgWarner Inc.,0.2234432234432234,0.0204897660864242,0.0,0.0,0.0118233368345993,0.016801527645646,0.3697644645957542,0.0111590653952363,0.10651810162639264,0.06848844013439982,0.04468864468864468,151
PARA,Paramount Global,0.2185592185592185,0.0295306154308253,0.000189589247692,0.0001895892476916,0.0038178316719965,0.0,0.3028952610872953,0.0495265529207547,0.10167959056009085,0.06581940743010929,0.0437118437118437,152
JCI,Johnson Controls International ,0.1947496947496947,0.0303088708678918,0.0141035330258367,0.0141035330258358,0.0530159178679477,0.0553972219594275,0.351110224133188,0.0158505557898388,0.09323041269384164,0.07161509096290163,0.03894993894993894,153
ADM,Archer-Daniels-Midland Company,0.1813186813186813,0.0358075695455136,0.0052217226091889,0.0052217226091889,0.0335977592046612,0.0314812629231114,0.3714991641348546,0.0151147465239227,0.08105540669326039,0.06568021075002832,0.03626373626373627,154
VLO,Valero Energy Corporation,0.1599511599511599,0.063650186659186,0.0092871286946011,0.0092871286946003,0.030326697826054,0.0853691373949804,0.3690962586824657,0.0138467014635063,0.07437956547514121,0.07200796083890046,0.03199023199023198,155
ON,ON Semiconductor Corporation,0.1355311355311355,0.0265601553301542,0.006354380780411,0.0063543807804107,0.0594724707878295,0.0434356772989155,0.3945109345941086,0.0279897045795544,0.05002792889317674,0.05846516458066574,0.0271062271062271,156
ENPH,"Enphase Energy, Inc.",0.0641025641025641,0.0075496406666398,0.0008145131487162,0.0008145131487151,0.1280052685630125,0.0482348366667392,0.368927117106489,0.0184118545260574,0.01001759169165847,0.03838774523060746,0.01844635585532445,157
PFG,Principal Financial Group Inc,0.0421245421245421,0.00669137817463,0.0032530119665641,0.0032530119665633,0.062817387710927,0.0527298440591922,0.3697071447864358,0.005859763194243,0.006960085812707888,0.03445584878481262,0.01848535723932179,158
ALB,Albemarle Corporation,0.0,0.0,0.0010473700186814,0.001047370018681,0.0563333953186292,0.0616644262815517,0.3803501630822606,0.0088868986599364,0.001572957407380493,0.0259425069871413,0.01901750815411303,159
